Text,Sentiment,Compound
"A great burger for anyone looking for a large veg burger, jam-packed with lots of cheesy and tangy goodness. A highly recommended dish.",Positive,0.8479
Well burger singh doesn't have very good brand value. It felt like I was compromising and getting lower tier food but paid the same as I would ...,Neutral,0.1829
"Loved the United State of Punjab Burger, it was quite good, fluffy with patty that gelled well along with the gravy inside the burger.",Positive,0.8999
"All the items were excellent, delicious and extremely pocket friendly. Bihari Gosht Burger was loaded with the mutton and all the sauces, it was ...",Positive,0.8974
The hospitality is amazing. Elaborate menu options. Neat and clean restaurant. Lovely decor. The taste is really nice and the Burger patties are juicy n crispy.,Positive,0.9468
"my food delivered 40 min late. all get cold. no taste. 0 Votes for helpful, 1 Comment. Helpful. Comment. Share. 1 · 2 · 3 · 4 · 5. Related to Burger Singh ...",Positive,0.6808
"Burger Singh has an overall rating of 4.2 out of 5, based on over 62 reviews left anonymously by employees. 79% of employees would recommend working at Burger ...",Neutral,0.3612
"Burger Singh has an overall rating of 4.2 out of 5, based on over 62 reviews left anonymously by employees. 79% of employees would recommend working at Burger ...",Neutral,0.3612
Reviews of Burger Singh - Big Punjabi Burgers Patia; see all unbiased reviews of Burger Singh - Big Punjabi Burgers Bhubaneshwar for delivery and dining on ...,Neutral,-0.0258
"Location :  Hello everyone, i hope you guys are absolutely fine. Today we are going to reveiew the food ...",Positive,0.6115
"Burger Singh is rated 3.4 out of 5 stars on AmbitionBox, based on 110 company reviews.This rating reflects an average employee experience, indicating moderate ...",Neutral,0.0
"Burger Singh is the largest Made-in-India Burger Chain with a unique product. With 175+ thriving outlets and counting, we're poised to reach 1000 by 2026.",Neutral,0.2732
Burger Singh Reviews and Ratings · Service · Ambience · Food Taste · Hygiene ...,Neutral,0.0
"175+ outlets, 75 + cities. Largest Made in India Burger Chain ... Wishing you a Happy New Year from the Burger Singh family!   Photo ...",Positive,0.7088
"The brand serves you with both Veg and Non-Veg Burgers with their own beverages, quick eat combos, fries and other dishes.",Neutral,0.0
Every Burger Singh Franchisee is assigned a Franchise Success Manager and a Outlet Manager to help you run all things Burger Singh · Monthly Profit and Loss (PNL) ...,Positive,0.7906
Working in burger Singh was really great and has been my favorite part time job I worked with full determination so that I can be an asset to the franchisee.,Positive,0.9117
"The brand serves you with both Veg and Non-Veg Burgers with their own beverages, quick eat combos, fries and other dishes.",Neutral,0.0
Every Burger Singh Franchisee is assigned a Franchise Success Manager and a Outlet Manager to help you run all things Burger Singh · Monthly Profit and Loss (PNL) ...,Positive,0.7906
Management has learn to manage people not only Money. ... - Large areas to learn from especially in Operations & Supply chain Management. - Food ...,Neutral,0.0
Working in burger Singh was really great and has been my favorite part time job I worked with full determination so that I can be an asset to the franchisee.,Positive,0.9117
"FOOD REVIEW: BURGER SINGH With their excellent, eco-friendly packaging, varied, flavorful fast-food items, & courteous service, they are quickly...",Positive,0.7906
"Burger Singh, Golf Course Road, Gurgaon Reviews ... The perfect badge to start on MouthShut. ... I recently tried the Potato crunch burger from Burger Singh.The bun ...",Positive,0.5719
"The experience of working at any company can vary based on factors like team, manager, role, company policy etc. However, with an overall rating of 3.4 out of 5 ...",Neutral,0.3612
Burger Singh is filled to the brim with nothing but positive reviews from their franchise owners! Here are some of the testimonials issued by the Burger Singh ...,Negative,-0.6343
"We Indians do love us a good bargain! This lot of burger enthusiasts decided to make a cost effective, BIG burger with Indian spices & flavours (radical stuff, ...",Positive,0.9286
i m enjoyed audit part of this job and the hardest part is no staff but i am opening the store alone . there is no appreciation and different birthday party ...,Positive,0.6428
"The experience of working at any company can vary based on factors like team, manager, role, company policy etc. However, with an overall rating of 3.4 out of 5 ...",Neutral,0.3612
"Burger Singh is the largest Made-in-India Burger Chain with a unique product. With 175+ thriving outlets and counting, we're poised to reach 1000 by 2026.",Neutral,0.2732
"The funding was led by Turner Morrison Ltd, with participation from Homage Ventures LLP. Founder of Burger Singh, Kabir Jeet Singh, emphasized ...",Neutral,0.0
"Quick service restaurant chain Burger Singh, owned by parent company Tipping Mr Pink Pvt Ltd, has raised a fresh round of pre-series B funding led by Turner ...",Neutral,0.3182
"Share your videos with friends, family, and the world.",Positive,0.6486
I had the CHUNKY Paneer Pandey combo from Burger Singh and it was really good. The patty was packed with flavour and went well with the slaw and cheese - ...,Positive,0.8122
"Burger king at Burger Singh · Experience: Burger Singh · Location: Nagaur. View Shahrukh khan Gouri's profile on LinkedIn, a professional community of 1 ...",Neutral,0.0
"Burger Singh - Big Punjabi Burgers Reviews: Check out the Reviews of Burger Singh - Big Punjabi Burgers, Palam Vihar, Gurgaon. BOOK a table for FREE and get ...",Positive,0.6166
"Indri is the village of Arun Panwar near Sohna, Gurgaon (हरियाणा). Second channel for fun and extras. Instagram - @arunpanwarx Email ...",Positive,0.5106
"2036 likes, 65 comments - dangitswayne on November 18, 2024: ""Trying R Burgers in Las Vegas for a Food Review! How does it taste?",Neutral,0.4753
