Text,Sentiment,Compound
1. a : a formal military inspection b : a military ceremony honoring a person or an event 2. revision sense 1a 3. a general survey (as of the events of a ...,Positive,0.5106
"A review is an evaluation of a publication, product, service, or company or a critical take on current affairs in literature, politics or culture.",Neutral,-0.3182
"66K Followers, 42 Following, 490 Posts - REVIEW (@review) on Instagram: ""REVIEW x ME AGAINST THE WORLD | NEW DROP OUT NOW ...",Neutral,-0.4278
"to think or talk about something again, in order to make changes to it or to make a decision about it: The committee is reviewing the current arrangement ...",Neutral,0.0
A review is judgement or discussion of the quality of something. Review also means to go over a subject again as part of study or to look at something another ...,Neutral,0.0
verb · examine · survey · scan · inspect · view · audit · analyze · watch · scrutinize · check (out) · study · oversee · go over · investigate · explore.,Neutral,0.0
"I have a group called Psy Guys (so the second word is plural and ends in an S), but what would be the correct way to say this?",Neutral,0.0
"The Review Review is an open-access journal supporting writers, editors, students, and teachers by offering reviews of recent issues of literary magazines, ...",Neutral,0.4404
"A review of a movie, or a restaurant, or a car -- or whatever else that typically falls under a critic's domain -- is all well and good, and can even be helpful at times. But how can one find out about myriad other experiences that are never tackled in reviews?",Positive,0.5267
"A review of a movie, or a restaurant, or a car -- or whatever else that typically falls under a critic's domain -- is all well and good, and can even be helpful at times. But how can one find out about myriad other experiences that are never tackled in reviews?",Positive,0.5267
At Review Australia we're known for our unique vintage-inspired designs and for striving to empower women to wear what makes them feel fantastic.,Positive,0.5574
"Your review shows up in Google Maps until you take it down. After your review is published, you can edit it or change the rating and pictures you included.",Neutral,0.0
"Review means to share your personal opinion on something. While reviewing a product, you would address the things you like or dislike about it, ...",Neutral,0.2732
"A ""review"" is a formal work, such as of a book, play, movie, etc. It's not everyday English, particularly spoken English. Even if I were ...",Neutral,0.34
"A good review targets the reader, not the author. A good one will suggest who the proper audience is for the work, as well as their own delights and ...",Positive,0.872
"The Review of Economic Studies is one of the core journals in economics. It is essential reading for economists, consistently ranking among the top five ...",Neutral,0.2023
"To review means to look back over something for evaluation or memory. ""The year in review"" is a popular form of news feature near the end of December.",Neutral,0.4215
Google reviews provide useful information and help your business stand out. Reviews show up next to your Business Profile in Maps and Search.,Positive,0.6808
"This channel offers informative reviews that are fun to watch. I dive into products I personally use, sharing my experiences to help you decide if they're ...",Positive,0.8316
"Latest news, sport, business, comment, analysis and reviews from the Guardian, the world's leading liberal voice.",Neutral,0.0
News · Local News · Community News · Business · Police & Courts · School News · Sports · Local Sports · National Sports.,Neutral,0.0
"Metacritic aggregates music, game, tv, and movie reviews from the leading critics. Only Metacritic.com uses METASCORES, which let you know at a glance how ...",Neutral,-0.296
"A critic obsessed with his work experiences whatever the viewers ask him to review including divorce, anonymous sex, and all manner of criminal activity.",Negative,-0.7351
The ECR program aims to educate qualified scientists without prior CSR review experience to develop skills as a reviewer and to provide experience that might ...,Neutral,0.0
"The Princeton Review offers online test preparation for SAT, ACT and graduate school entrance exams. Enroll in our test prep courses today.",Neutral,0.0
Tired of spending countless hours on peer reviews? An AI-assisted workflow could help.,Neutral,-0.0516
"Book reviews, recommendations, and the latest literary news from the most trusted voice in book discovery, Kirkus Reviews.",Positive,0.5256
Welcome to Reviews.org! We review streaming services and devices that will help you cut the cord on cable and see all the shows you love.,Positive,0.8439
"Rotten Tomatoes, home of the Tomatometer, is the most trusted measurement of quality for Movies & TV. The definitive site for Reviews, Trailers, Showtimes, and",Neutral,0.024
"Plan your next trip, read reviews and get travel advice from our community on where to stay and what to do. Find savings on hotels, book the perfect tour or ...",Positive,0.5719
"This was not a bad episode, by any means. But the big revelation at the very end leaves me feeling . . . unsettled, and not in a good way. Not ...",Negative,-0.5242
"They provide crucial updates on significant developments in 2024, including the heightened regulatory focus on medical debt at both federal and ...",Neutral,-0.1779
"Online journal and not-for-profit project dedicated to the exploration of curious and compelling works from the history of art, literature, and ideas.",Positive,0.7964
"Simone Ashley (“Bridgerton”) stars as Pia, a talented photographer in London navigating business pressures with her wish for independence in ...",Positive,0.5719
"Increase online visibility with increased 5 Star reviews, Online Scheduling, Best In Class Text Message Deliverability, Digital Forms and more with Review Wave.",Positive,0.8225
This tool is designed to provide guidance and supporting material to reviewers on methods for the conduct and reporting of knowledge synthesis. Select the type ...,Neutral,0.4404
"The renewal agreement with CERN enables authors to publish high-energy physics articles open access in Physical Review Letters, Physical Review C and Physical ...",Neutral,0.4939
"A review of a movie, or a restaurant, or a car -- or whatever else that typically falls under a critic's domain -- is all well and good, and can even be ...",Positive,0.6124
"“By centralizing the peer review process, we will not only reduce costs—we will also improve the quality, consistency and integrity of review, ...",Positive,0.6705
This tool is designed to provide guidance and supporting material to reviewers on methods for the conduct and reporting of knowledge synthesis. Select the type ...,Neutral,0.4404
"In this Hulu romp, a Pakistani American drug mogul dies suddenly, leaving his inept sons to save a criminal empire they didn't know existed.",Neutral,-0.0516
A daily astrophysical literature journal written by graduate students in astronomy. This mutually beneficial collaboration aims to enhance the dissemination of ...,Neutral,0.4404
"Series Info. Synopsis A review of a movie, or a restaurant, or a car -- or whatever else that typically falls under a critic's domain -- is all well and good, ...",Positive,0.6124
Tired of spending countless hours on peer reviews? An AI-assisted workflow could help.,Neutral,-0.0516
Roundup reviews featuring products tested and evaluated by experts. A group of the best air purifiers are collected together in the Reviewed labs.,Positive,0.6369
"American Economic Review ... The American Economic Review (AER) is a general-interest economics journal. Established in 1911, the AER is among the nation's oldest ...",Neutral,0.0
For Property Owners. Are you a property owner submitting an online appeal? Click here for instructions on how to create an account or sign in to the BOR Appeals ...,Neutral,0.2732
"To access the paper and deliver your review, click on the link in the invitation email you received which will bring you to the submission/reviewing system.",Neutral,0.0
"The Review. The Chronicle's opinion, analysis, and culture section, with op-eds, book reviews, interviews, letters, scholar profiles, and essays about the ideas ...",Neutral,0.0
